[
  {
    "Name": "GNU Radio",
    "Discipline": "SIGINT",
    "Subdiscipline": "SDR/DSP",
    "Vendor": "GNU Radio Project",
    "Type": "Open Source",
    "Category": "Framework",
    "Description": "Modular SDR/DSP framework for prototyping receivers/decoders.",
    "Granular_Capabilities": "IQ capture;Flowgraphs;Demodulation;Filtering;Scripting",
    "Core_Features": "Blocks;Scheduler;UHD;SoapySDR",
    "Primary_Functions": "Design signal chains;Prototype demodulators",
    "Common_Use_Cases": "Rapid SDR prototyping;Education;Lab ops",
    "Data_Inputs": "IQ files;Live SDR streams",
    "Data_Outputs": "Decoded streams;Measurements;Plots",
    "Interfaces_APIs": "Python;C++;GR-OSMOSDR;UHD",
    "Deployment_Options": "Desktop/Server",
    "Scale_Performance": "Scales with cores;Cluster via messaging",
    "Integrations": "RTL-SDR;HackRF;BladeRF;LimeSDR",
    "Compliance_Standards": "",
    "License": "GPLv3",
    "Known_Buyers_Public": "Academia;Labs",
    "Contract_Vehicles": "",
    "Export_Controls": "",
    "Sources_Official": "",
    "Sources_RFP_RFI": "https://www.gnuradio.org",
    "Sources_Academic": "",
    "Sources_Patents": "",
    "Notes": ""
  },
  {
    "Name": "Gqrx",
    "Discipline": "SIGINT",
    "Subdiscipline": "Receiver UI",
    "Vendor": "Open-source",
    "Type": "Open Source",
    "Category": "Application",
    "Description": "SDR receiver with spectrum/waterfall and demodulators.",
    "Granular_Capabilities": "Spectrum;Waterfall;AM/FM/SSB;Recording",
    "Core_Features": "Audio demod;Bookmarking",
    "Primary_Functions": "Live interception;Band survey",
    "Common_Use_Cases": "Spectrum survey;Monitoring",
    "Data_Inputs": "RTL-TCP;SoapySDR",
    "Data_Outputs": "Audio;IQ recordings",
    "Interfaces_APIs": "Hamlib;SoapySDR",
    "Deployment_Options": "Desktop",
    "Scale_Performance": "Lightweight",
    "Integrations": "RTL-SDR;HackRF;LimeSDR",
    "Compliance_Standards": "",
    "License": "GPLv3",
    "Known_Buyers_Public": "Hobby;Research",
    "Contract_Vehicles": "",
    "Export_Controls": "",
    "Sources_Official": "",
    "Sources_RFP_RFI": "https://gqrx.dk",
    "Sources_Academic": "",
    "Sources_Patents": "",
    "Notes": ""
  },
  {
    "Name": "SDRAngel",
    "Discipline": "SIGINT",
    "Subdiscipline": "Receiver/Transceiver",
    "Vendor": "Open-source",
    "Type": "Open Source",
    "Category": "Application",
    "Description": "Multi-platform SDR Rx/Tx with plugin ecosystem.",
    "Granular_Capabilities": "Multi-channel;Plugins;Tx/Rx;Recording",
    "Core_Features": "Device plugins;Modems",
    "Primary_Functions": "Live operations;Tx tests",
    "Common_Use_Cases": "Spectrum ops;Telemetry decode adjunct",
    "Data_Inputs": "SDR devices;RTL-TCP",
    "Data_Outputs": "Audio;IQ;Decoded streams",
    "Interfaces_APIs": "SoapySDR",
    "Deployment_Options": "Desktop",
    "Scale_Performance": "Depends on hardware",
    "Integrations": "RTL-SDR;HackRF;BladeRF;LimeSDR",
    "Compliance_Standards": "",
    "License": "GPLv3",
    "Known_Buyers_Public": "Hobby;Research",
    "Contract_Vehicles": "",
    "Export_Controls": "",
    "Sources_Official": "",
    "Sources_RFP_RFI": "https://www.sdrangel.org/",
    "Sources_Academic": "",
    "Sources_Patents": "",
    "Notes": ""
  },
  {
    "Name": "SigDigger",
    "Discipline": "SIGINT",
    "Subdiscipline": "Signal Analysis",
    "Vendor": "BatchDrake",
    "Type": "Open Source",
    "Category": "Application",
    "Description": "Lightweight signal analyzer for unknown signal hunting.",
    "Granular_Capabilities": "Spectrogram;Bookmarks;Measurements",
    "Core_Features": "Quicklook analysis",
    "Primary_Functions": "Unknown signal triage",
    "Common_Use_Cases": "Hunt;Annotate;Export",
    "Data_Inputs": "IQ streams/files",
    "Data_Outputs": "Annotations;Screenshots",
    "Interfaces_APIs": "SoapySDR",
    "Deployment_Options": "Desktop",
    "Scale_Performance": "Lightweight",
    "Integrations": "RTL-SDR;HackRF;LimeSDR",
    "Compliance_Standards": "",
    "License": "GPLv3",
    "Known_Buyers_Public": "Researchers",
    "Contract_Vehicles": "",
    "Export_Controls": "",
    "Sources_Official": "",
    "Sources_RFP_RFI": "https://batchdrake.github.io/SigDigger/",
    "Sources_Academic": "",
    "Sources_Patents": "",
    "Notes": ""
  },
  {
    "Name": "dump1090",
    "Discipline": "FISINT",
    "Subdiscipline": "ADS-B/Mode S",
    "Vendor": "Community",
    "Type": "Open Source",
    "Category": "Decoder",
    "Description": "ADS-B/Mode S decoder for air traffic tracking.",
    "Granular_Capabilities": "1090MHz decode;MLAT;Maps",
    "Core_Features": "Web UI;Feeds",
    "Primary_Functions": "Air picture;Flight tracking",
    "Common_Use_Cases": "Situational awareness;OSINT",
    "Data_Inputs": "1090MHz frames",
    "Data_Outputs": "Tracks;Positions;CSV",
    "Interfaces_APIs": "Beast;SBS",
    "Deployment_Options": "Desktop/Server",
    "Scale_Performance": "High throughput on modest CPU",
    "Integrations": "RTL-SDR",
    "Compliance_Standards": "",
    "License": "BSD/MIT",
    "Known_Buyers_Public": "OSINT;ATC hobby",
    "Contract_Vehicles": "",
    "Export_Controls": "",
    "Sources_Official": "",
    "Sources_RFP_RFI": "https://github.com/antirez/dump1090",
    "Sources_Academic": "",
    "Sources_Patents": "",
    "Notes": ""
  },
  {
    "Name": "gr-gsm",
    "Discipline": "COMINT",
    "Subdiscipline": "GSM Research",
    "Vendor": "Community",
    "Type": "Open Source",
    "Category": "Blocks/Decoder",
    "Description": "GSM receiver/decoder blocks for GNU Radio.",
    "Granular_Capabilities": "ARFCN scan;GSM bursts;Decode",
    "Core_Features": "CLI tooling;Wireshark taps",
    "Primary_Functions": "GSM research;Training",
    "Common_Use_Cases": "Educational;Analysis",
    "Data_Inputs": "IQ;GSM bursts",
    "Data_Outputs": "Decoded frames;PCAP",
    "Interfaces_APIs": "GNU Radio;Wireshark",
    "Deployment_Options": "Desktop",
    "Scale_Performance": "Build-time dependent",
    "Integrations": "RTL-SDR;BladeRF;LimeSDR",
    "Compliance_Standards": "",
    "License": "GPLv3",
    "Known_Buyers_Public": "Academia",
    "Contract_Vehicles": "",
    "Export_Controls": "",
    "Sources_Official": "",
    "Sources_RFP_RFI": "https://github.com/ptrkrysik/gr-gsm",
    "Sources_Academic": "",
    "Sources_Patents": "",
    "Notes": ""
  },
  {
    "Name": "SatDump",
    "Discipline": "FISINT",
    "Subdiscipline": "EO/SAT decoding",
    "Vendor": "SatDump Project",
    "Type": "Open Source",
    "Category": "Decoder",
    "Description": "Multi-satellite EO downlink decoder/processor.",
    "Granular_Capabilities": "LRPT/HRPT;Meteor;NOAA;GOES",
    "Core_Features": "Image products;Telemetry",
    "Primary_Functions": "Earth observation downlink;Weather",
    "Common_Use_Cases": "Imagery;Telemetry products",
    "Data_Inputs": "Baseband IQ;RTL-SDR;Airspy",
    "Data_Outputs": "GeoTIFF;PNGs;HDF",
    "Interfaces_APIs": "Plugins",
    "Deployment_Options": "Desktop",
    "Scale_Performance": "GPU optional acceleration",
    "Integrations": "RTL-SDR;Airspy;SDRplay",
    "Compliance_Standards": "",
    "License": "GPLv3",
    "Known_Buyers_Public": "Hobby;Research",
    "Contract_Vehicles": "",
    "Export_Controls": "",
    "Sources_Official": "",
    "Sources_RFP_RFI": "https://github.com/SatDump/SatDump",
    "Sources_Academic": "",
    "Sources_Patents": "",
    "Notes": ""
  },
  {
    "Name": "goestools",
    "Discipline": "FISINT",
    "Subdiscipline": "GOES HRIT/LRIT",
    "Vendor": "GOES Tools",
    "Type": "Open Source",
    "Category": "Decoder",
    "Description": "GOES HRIT/LRIT weather satellite receiver tools.",
    "Granular_Capabilities": "Viterbi;Packetization;Imaging",
    "Core_Features": "CLI;Demux",
    "Primary_Functions": "Weather imagery downlink",
    "Common_Use_Cases": "Imagery;Alerts",
    "Data_Inputs": "RF baseband",
    "Data_Outputs": "Images;Text",
    "Interfaces_APIs": "",
    "Deployment_Options": "Desktop",
    "Scale_Performance": "CPU dependent",
    "Integrations": "RTL-SDR;Airspy",
    "Compliance_Standards": "",
    "License": "MIT",
    "Known_Buyers_Public": "Hobby;Research",
    "Contract_Vehicles": "",
    "Export_Controls": "",
    "Sources_Official": "",
    "Sources_RFP_RFI": "https://github.com/pietern/goestools",
    "Sources_Academic": "",
    "Sources_Patents": "",
    "Notes": ""
  },
  {
    "Name": "rtl_433",
    "Discipline": "FISINT",
    "Subdiscipline": "ISM Telemetry",
    "Vendor": "Community",
    "Type": "Open Source",
    "Category": "Decoder",
    "Description": "Generic 433/315/868/915 MHz ISM device decoder.",
    "Granular_Capabilities": "OOK/FSK;Protocol library;MQTT",
    "Core_Features": "JSON output;MQTT",
    "Primary_Functions": "Sensor telemetry;IoT signal decode",
    "Common_Use_Cases": "Device inventory;Alerts",
    "Data_Inputs": "SDR IQ;Live RF",
    "Data_Outputs": "JSON;CSV;MQTT",
    "Interfaces_APIs": "MQTT;Influx;Grafana",
    "Deployment_Options": "Desktop/Server",
    "Scale_Performance": "Efficient",
    "Integrations": "RTL-SDR",
    "Compliance_Standards": "",
    "License": "GPLv2",
    "Known_Buyers_Public": "Makers;Researchers",
    "Contract_Vehicles": "",
    "Export_Controls": "",
    "Sources_Official": "",
    "Sources_RFP_RFI": "https://github.com/merbanan/rtl_433",
    "Sources_Academic": "",
    "Sources_Patents": "",
    "Notes": ""
  },
  {
    "Name": "CRFS RFeye",
    "Discipline": "ELINT",
    "Subdiscipline": "Wide-area RF sensing",
    "Vendor": "CRFS",
    "Type": "Commercial",
    "Category": "Suite",
    "Description": "Networked RF sensors for detect/locate/characterize emitters.",
    "Granular_Capabilities": "TDOA;DF;Real-time spectrum;Recording",
    "Core_Features": "Mission Manager;DeepView",
    "Primary_Functions": "Emitter geo;Spectrum assurance",
    "Common_Use_Cases": "ELINT;Interference hunting",
    "Data_Inputs": "Wideband RF;IQ",
    "Data_Outputs": "Fixes;Spectra;Recordings",
    "Interfaces_APIs": "REST;ESRI",
    "Deployment_Options": "Appliance/Server/Cloud",
    "Scale_Performance": "Distributed sensor networks",
    "Integrations": "ArcGIS;Esri stack",
    "Compliance_Standards": "",
    "License": "Commercial",
    "Known_Buyers_Public": "Regulators;Defense (public cases)",
    "Contract_Vehicles": "Tenders/Direct",
    "Export_Controls": "Potential export",
    "Sources_Official": "https://www.crfs.com/software/rfeye-software-suite",
    "Sources_RFP_RFI": "",
    "Sources_Academic": "",
    "Sources_Patents": "",
    "Notes": ""
  },
  {
    "Name": "Narda SignalShark",
    "Discipline": "ELINT",
    "Subdiscipline": "RTSA/DF",
    "Vendor": "Narda STS",
    "Type": "Commercial",
    "Category": "Receiver/Analyzer",
    "Description": "Real-time spectrum analyzer with DF and mobile/fixed ops.",
    "Granular_Capabilities": "Real-time FFT;DF;Geotag;Recording",
    "Core_Features": "Interference hunting",
    "Primary_Functions": "Emitter search;Characterization",
    "Common_Use_Cases": "ELINT;Regulatory",
    "Data_Inputs": "RF;Antennas",
    "Data_Outputs": "Plots;Logs;DF bearings",
    "Interfaces_APIs": "GNSS;APIs",
    "Deployment_Options": "Portable/Fixed",
    "Scale_Performance": "Field rugged",
    "Integrations": "GIS exports",
    "Compliance_Standards": "",
    "License": "Commercial",
    "Known_Buyers_Public": "Regulators;Defense",
    "Contract_Vehicles": "Direct/Resellers",
    "Export_Controls": "Potential export",
    "Sources_Official": "https://www.narda-sts.com/en/products/receivers-/-direction-finders-/-spectrum-analyzers/signalshark/",
    "Sources_RFP_RFI": "",
    "Sources_Academic": "",
    "Sources_Patents": "",
    "Notes": ""
  },
  {
    "Name": "R&S Radiomonitoring (PR200/EB500/DDF551)",
    "Discipline": "ELINT",
    "Subdiscipline": "Monitoring/DF",
    "Vendor": "Rohde & Schwarz",
    "Type": "Commercial",
    "Category": "Portfolio",
    "Description": "Radiomonitoring receivers and DF systems for COMINT/ELINT.",
    "Granular_Capabilities": "Wideband Rx;DF;TDOA;Remote control",
    "Core_Features": "Stationary/mobile nets",
    "Primary_Functions": "Spectrum surveillance;Emitter geo",
    "Common_Use_Cases": "ELINT/COMINT",
    "Data_Inputs": "RF;IQ",
    "Data_Outputs": "Recordings;DF lines;Reports",
    "Interfaces_APIs": "R&S drivers/APIs",
    "Deployment_Options": "Portable/Fixed/Networked",
    "Scale_Performance": "Ruggedized",
    "Integrations": "GIS;Esri",
    "Compliance_Standards": "",
    "License": "Commercial",
    "Known_Buyers_Public": "Defense;Regulatory",
    "Contract_Vehicles": "Tenders/Direct",
    "Export_Controls": "Potential export",
    "Sources_Official": "https://www.rohde-schwarz.com/us/products/radiomonitoring/overview_231098.html",
    "Sources_RFP_RFI": "",
    "Sources_Academic": "",
    "Sources_Patents": "https://patents.google.com/patent/US9958525B2",
    "Notes": ""
  },
  {
    "Name": "Procitec go2MONITOR",
    "Discipline": "COMINT",
    "Subdiscipline": "Decoder suite",
    "Vendor": "PROCITEC",
    "Type": "Commercial",
    "Category": "Software",
    "Description": "Decoder/classifier suite for voice/data signals.",
    "Granular_Capabilities": "Auto mode detection;Decoders;Classifiers",
    "Core_Features": "go2signals stack",
    "Primary_Functions": "COMINT decoding;Monitoring",
    "Common_Use_Cases": "Intercept analysis",
    "Data_Inputs": "RF/IQ;Audio",
    "Data_Outputs": "Decoded streams;Logs",
    "Interfaces_APIs": "APIs;SDK",
    "Deployment_Options": "Desktop/Server",
    "Scale_Performance": "Scales with hardware",
    "Integrations": "SIGINT suites",
    "Compliance_Standards": "",
    "License": "Commercial",
    "Known_Buyers_Public": "Gov/LE;Defense",
    "Contract_Vehicles": "Tenders/Direct",
    "Export_Controls": "Potential export",
    "Sources_Official": "https://www.procitec.de/products/go2monitor.html",
    "Sources_RFP_RFI": "",
    "Sources_Academic": "",
    "Sources_Patents": "",
    "Notes": ""
  },
  {
    "Name": "Wavecom W-CODE",
    "Discipline": "COMINT",
    "Subdiscipline": "Decoder suite",
    "Vendor": "Wavecom",
    "Type": "Commercial",
    "Category": "Software",
    "Description": "Wideband modem/voice decoder and classifier.",
    "Granular_Capabilities": "Modem library;Voice tools;Auto-detect",
    "Core_Features": "W-Code modules",
    "Primary_Functions": "COMINT decoding",
    "Common_Use_Cases": "Intercept;Analysis",
    "Data_Inputs": "RF/IQ;Audio",
    "Data_Outputs": "Decoded streams;Logs",
    "Interfaces_APIs": "APIs",
    "Deployment_Options": "Desktop/Server",
    "Scale_Performance": "Hardware dependent",
    "Integrations": "SIGINT suites",
    "Compliance_Standards": "",
    "License": "Commercial",
    "Known_Buyers_Public": "Gov/LE;Defense",
    "Contract_Vehicles": "Direct",
    "Export_Controls": "Potential export",
    "Sources_Official": "https://www.wavecom.ch/products/w-code/",
    "Sources_RFP_RFI": "",
    "Sources_Academic": "",
    "Sources_Patents": "",
    "Notes": ""
  },
  {
    "Name": "Krypto500/1000",
    "Discipline": "COMINT",
    "Subdiscipline": "Decoder suite",
    "Vendor": "COMINT Consulting",
    "Type": "Commercial",
    "Category": "Software",
    "Description": "Decoder suite for HF/VHF/UHF modes and signals.",
    "Granular_Capabilities": "Modem DB;Auto-classify;Recordings",
    "Core_Features": "K500/1000 packages",
    "Primary_Functions": "COMINT/ELINT support",
    "Common_Use_Cases": "Intercept;Analysis",
    "Data_Inputs": "RF/IQ;Audio",
    "Data_Outputs": "Decoded streams;Logs",
    "Interfaces_APIs": "APIs",
    "Deployment_Options": "Desktop/Server",
    "Scale_Performance": "Hardware dependent",
    "Integrations": "SIGINT suites",
    "Compliance_Standards": "",
    "License": "Commercial",
    "Known_Buyers_Public": "Gov/LE;Defense",
    "Contract_Vehicles": "Direct",
    "Export_Controls": "Potential export",
    "Sources_Official": "https://comintconsulting.com/",
    "Sources_RFP_RFI": "",
    "Sources_Academic": "",
    "Sources_Patents": "",
    "Notes": ""
  },
  {
    "Name": "ArcGIS Pro",
    "Discipline": "GEOINT",
    "Subdiscipline": "GIS",
    "Vendor": "Esri",
    "Type": "Commercial",
    "Category": "Suite",
    "Description": "Enterprise GIS desktop for mapping, analysis, and production.",
    "Granular_Capabilities": "2D/3D mapping;GeoAI;Toolboxes",
    "Core_Features": "ModelBuilder;Add-ins",
    "Primary_Functions": "GEOINT production;Ops mapping",
    "Common_Use_Cases": "Cartography;Analysis",
    "Data_Inputs": "Vector;Raster;Streams",
    "Data_Outputs": "Maps;Services;Reports",
    "Interfaces_APIs": "REST;OGC;Python",
    "Deployment_Options": "Desktop",
    "Scale_Performance": "Scales via ArcGIS Enterprise",
    "Integrations": "ArcGIS Enterprise;Server",
    "Compliance_Standards": "OGC;STANAG",
    "License": "Commercial",
    "Known_Buyers_Public": "Gov;Defense;LE",
    "Contract_Vehicles": "GSA/DoD ESI",
    "Export_Controls": "Dual-use",
    "Sources_Official": "https://www.esri.com/en-us/arcgis/products/arcgis-pro/overview",
    "Sources_RFP_RFI": "",
    "Sources_Academic": "",
    "Sources_Patents": "",
    "Notes": ""
  },
  {
    "Name": "ArcGIS Enterprise",
    "Discipline": "GEOINT",
    "Subdiscipline": "GIS Server",
    "Vendor": "Esri",
    "Type": "Commercial",
    "Category": "Server",
    "Description": "On-prem/Cloud web GIS for maps/apps/data/services.",
    "Granular_Capabilities": "Portal;Services;GeoEvent;Notebook",
    "Core_Features": "RBAC;SSO",
    "Primary_Functions": "Ops dashboards;Sharing;Hosting",
    "Common_Use_Cases": "Web GIS backbone",
    "Data_Inputs": "Geodatabases;Services",
    "Data_Outputs": "Tiles;Feature;Streams",
    "Interfaces_APIs": "REST;OGC;Python",
    "Deployment_Options": "Server/Cloud",
    "Scale_Performance": "Horizontal scale",
    "Integrations": "Esri apps;3rd-party",
    "Compliance_Standards": "OGC;FIPS;FedRAMP",
    "License": "Commercial",
    "Known_Buyers_Public": "Gov;Enterprises",
    "Contract_Vehicles": "GSA/DoD ESI",
    "Export_Controls": "Dual-use",
    "Sources_Official": "https://www.esri.com/en-us/arcgis/products/arcgis-enterprise/overview",
    "Sources_RFP_RFI": "",
    "Sources_Academic": "",
    "Sources_Patents": "",
    "Notes": ""
  },
  {
    "Name": "QGIS",
    "Discipline": "GEOINT",
    "Subdiscipline": "GIS",
    "Vendor": "QGIS.org",
    "Type": "Open Source",
    "Category": "Suite",
    "Description": "Open-source desktop GIS with rich plugin ecosystem.",
    "Granular_Capabilities": "Editing;Analysis;Plugins;Print",
    "Core_Features": "Processing toolbox",
    "Primary_Functions": "Mapping;Analysis;Training",
    "Common_Use_Cases": "Cartography;ETL",
    "Data_Inputs": "Vector;Raster",
    "Data_Outputs": "Maps;Reports;Packages",
    "Interfaces_APIs": "GDAL;Python",
    "Deployment_Options": "Desktop",
    "Scale_Performance": "Project-scale",
    "Integrations": "PostGIS;GeoServer",
    "Compliance_Standards": "OGC",
    "License": "GPLv2",
    "Known_Buyers_Public": "Gov;NGO;Research",
    "Contract_Vehicles": "",
    "Export_Controls": "",
    "Sources_Official": "",
    "Sources_RFP_RFI": "https://qgis.org/",
    "Sources_Academic": "",
    "Sources_Patents": "",
    "Notes": ""
  },
  {
    "Name": "GDAL/OGR",
    "Discipline": "GEOINT",
    "Subdiscipline": "Geo ETL",
    "Vendor": "OSGeo",
    "Type": "Open Source",
    "Category": "Library/CLI",
    "Description": "De facto geospatial I/O and transformations library.",
    "Granular_Capabilities": "Format drivers;Warp;Reproject",
    "Core_Features": "CLI and APIs",
    "Primary_Functions": "ETL;Pipeline;Conversion",
    "Common_Use_Cases": "Data engineering",
    "Data_Inputs": "Geo formats",
    "Data_Outputs": "Geo formats",
    "Interfaces_APIs": "C/C++;Python",
    "Deployment_Options": "Desktop/Server",
    "Scale_Performance": "High throughput",
    "Integrations": "QGIS;ArcGIS;PostGIS",
    "Compliance_Standards": "OGC",
    "License": "X/MIT",
    "Known_Buyers_Public": "Everywhere",
    "Contract_Vehicles": "",
    "Export_Controls": "",
    "Sources_Official": "",
    "Sources_RFP_RFI": "https://gdal.org/",
    "Sources_Academic": "",
    "Sources_Patents": "",
    "Notes": ""
  },
  {
    "Name": "ENVI",
    "Discipline": "IMINT",
    "Subdiscipline": "Imagery Exploitation",
    "Vendor": "NV5 Geospatial",
    "Type": "Commercial",
    "Category": "Suite",
    "Description": "Imagery exploitation with spectral/SAR toolkits.",
    "Granular_Capabilities": "Spectral;SAR;Change detect",
    "Core_Features": "IDL integration",
    "Primary_Functions": "IMINT;Remote sensing",
    "Common_Use_Cases": "Exploitation;Products",
    "Data_Inputs": "EO/SAR/IR",
    "Data_Outputs": "Indicies;Products",
    "Interfaces_APIs": "APIs;IDL",
    "Deployment_Options": "Desktop/Server",
    "Scale_Performance": "Large scenes",
    "Integrations": "ArcGIS;Esri",
    "Compliance_Standards": "OGC;NITF",
    "License": "Commercial",
    "Known_Buyers_Public": "Defense;Space;Env",
    "Contract_Vehicles": "GSA/Direct",
    "Export_Controls": "Dual-use",
    "Sources_Official": "https://www.nv5geospatialsoftware.com/Products/ENVI",
    "Sources_RFP_RFI": "",
    "Sources_Academic": "",
    "Sources_Patents": "",
    "Notes": ""
  },
  {
    "Name": "ERDAS IMAGINE",
    "Discipline": "IMINT",
    "Subdiscipline": "Imagery Exploitation",
    "Vendor": "Hexagon",
    "Type": "Commercial",
    "Category": "Suite",
    "Description": "Remote sensing suite incl. photogrammetry and Spatial Modeler.",
    "Granular_Capabilities": "Classification;Photogrammetry;Radar",
    "Core_Features": "Modeler",
    "Primary_Functions": "IMINT;Mapping",
    "Common_Use_Cases": "Products;Models",
    "Data_Inputs": "EO/SAR",
    "Data_Outputs": "Orthos;DEM;Indices",
    "Interfaces_APIs": "APIs",
    "Deployment_Options": "Desktop/Server",
    "Scale_Performance": "Enterprise-grade",
    "Integrations": "Hexagon stack;Esri",
    "Compliance_Standards": "OGC;NITF",
    "License": "Commercial",
    "Known_Buyers_Public": "Defense;Mapping",
    "Contract_Vehicles": "Direct",
    "Export_Controls": "Dual-use",
    "Sources_Official": "https://hexagon.com/products/erdas-imagine",
    "Sources_RFP_RFI": "",
    "Sources_Academic": "",
    "Sources_Patents": "",
    "Notes": ""
  },
  {
    "Name": "ESA SNAP",
    "Discipline": "IMINT/SAR",
    "Subdiscipline": "Processing",
    "Vendor": "ESA",
    "Type": "Open Source",
    "Category": "Suite",
    "Description": "Sentinel Application Platform with EO/SAR toolboxes.",
    "Granular_Capabilities": "Sentinel-1/2/3;PolSAR;Subsetting",
    "Core_Features": "Plugins",
    "Primary_Functions": "EO/SAR processing",
    "Common_Use_Cases": "Calibration;Products",
    "Data_Inputs": "Sentinel SAFE;GeoTIFF",
    "Data_Outputs": "L2 products",
    "Interfaces_APIs": "Java API",
    "Deployment_Options": "Desktop",
    "Scale_Performance": "Scene-scale",
    "Integrations": "QGIS;GDAL",
    "Compliance_Standards": "OGC",
    "License": "GPL",
    "Known_Buyers_Public": "EO community",
    "Contract_Vehicles": "",
    "Export_Controls": "",
    "Sources_Official": "",
    "Sources_RFP_RFI": "https://step.esa.int/main/download/snap-download/",
    "Sources_Academic": "",
    "Sources_Patents": "",
    "Notes": ""
  },
  {
    "Name": "ISCE2",
    "Discipline": "SAR",
    "Subdiscipline": "InSAR/Stack",
    "Vendor": "NASA JPL",
    "Type": "Open Source",
    "Category": "Toolkit",
    "Description": "InSAR processing chain for stripmap/ScanSAR.",
    "Granular_Capabilities": "Interferograms;Coherence;Stacking",
    "Core_Features": "CLI",
    "Primary_Functions": "Deformation mapping",
    "Common_Use_Cases": "Hazard monitoring",
    "Data_Inputs": "SAR SLCs;Orbits",
    "Data_Outputs": "Interferograms;Velocity",
    "Interfaces_APIs": "Python",
    "Deployment_Options": "Desktop/Server",
    "Scale_Performance": "Cluster-friendly",
    "Integrations": "GMT;SNAPHU",
    "Compliance_Standards": "",
    "License": "Apache-2.0",
    "Known_Buyers_Public": "Academia;Agencies",
    "Contract_Vehicles": "",
    "Export_Controls": "",
    "Sources_Official": "",
    "Sources_RFP_RFI": "https://github.com/isce-framework/isce2",
    "Sources_Academic": "",
    "Sources_Patents": "",
    "Notes": ""
  },
  {
    "Name": "GMTSAR",
    "Discipline": "SAR",
    "Subdiscipline": "InSAR",
    "Vendor": "UCSD",
    "Type": "Open Source",
    "Category": "Toolkit",
    "Description": "InSAR processing based on GMT.",
    "Granular_Capabilities": "Coreg;Interf;Topo removal",
    "Core_Features": "CLI",
    "Primary_Functions": "Deformation maps",
    "Common_Use_Cases": "Hazard monitoring",
    "Data_Inputs": "SAR SLCs",
    "Data_Outputs": "Interferograms",
    "Interfaces_APIs": "CLI",
    "Deployment_Options": "Desktop/Server",
    "Scale_Performance": "Batch-friendly",
    "Integrations": "GMT;SNAPHU",
    "Compliance_Standards": "",
    "License": "GPL",
    "Known_Buyers_Public": "Academia",
    "Contract_Vehicles": "",
    "Export_Controls": "",
    "Sources_Official": "",
    "Sources_RFP_RFI": "https://topex.ucsd.edu/gmtsar/",
    "Sources_Academic": "",
    "Sources_Patents": "",
    "Notes": ""
  },
  {
    "Name": "PolSARpro",
    "Discipline": "SAR",
    "Subdiscipline": "Polarimetric SAR",
    "Vendor": "ESA/IETR",
    "Type": "Open Source",
    "Category": "Toolkit",
    "Description": "Polarimetric SAR education and processing.",
    "Granular_Capabilities": "Decomposition;Filters;Calib",
    "Core_Features": "GUI/CLI",
    "Primary_Functions": "Polarimetric analysis",
    "Common_Use_Cases": "Education;Research",
    "Data_Inputs": "SAR SLCs",
    "Data_Outputs": "Products;Plots",
    "Interfaces_APIs": "",
    "Deployment_Options": "Desktop",
    "Scale_Performance": "Scene-scale",
    "Integrations": "SNAP;GDAL",
    "Compliance_Standards": "",
    "License": "Freeware",
    "Known_Buyers_Public": "Academia",
    "Contract_Vehicles": "",
    "Export_Controls": "",
    "Sources_Official": "",
    "Sources_RFP_RFI": "https://earth.esa.int/eogateway/tools/polsarpro",
    "Sources_Academic": "",
    "Sources_Patents": "",
    "Notes": ""
  },
  {
    "Name": "SNAPHU",
    "Discipline": "SAR",
    "Subdiscipline": "Phase Unwrapping",
    "Vendor": "Stanford",
    "Type": "Open Source",
    "Category": "Tool",
    "Description": "Statistical-cost network-flow phase unwrapping.",
    "Granular_Capabilities": "Unwrapping;Tiling",
    "Core_Features": "CLI",
    "Primary_Functions": "InSAR processing",
    "Common_Use_Cases": "Deformation;DEM",
    "Data_Inputs": "Wrapped phase",
    "Data_Outputs": "Unwrapped phase",
    "Interfaces_APIs": "",
    "Deployment_Options": "Desktop/Server",
    "Scale_Performance": "Scales by tiling",
    "Integrations": "SNAP;GMTSAR;ISCE2",
    "Compliance_Standards": "",
    "License": "Free",
    "Known_Buyers_Public": "Academia",
    "Contract_Vehicles": "",
    "Export_Controls": "",
    "Sources_Official": "",
    "Sources_RFP_RFI": "https://www-quote.cs.stanford.edu/software/",
    "Sources_Academic": "",
    "Sources_Patents": "",
    "Notes": ""
  },
  {
    "Name": "Maltego",
    "Discipline": "OSINT",
    "Subdiscipline": "Link analysis",
    "Vendor": "Maltego",
    "Type": "Commercial",
    "Category": "Application",
    "Description": "Entity link analysis with transform marketplace.",
    "Granular_Capabilities": "Transforms;Graph;Import/Export",
    "Core_Features": "Hub",
    "Primary_Functions": "Investigations;Due diligence",
    "Common_Use_Cases": "Attribution;Network maps",
    "Data_Inputs": "Open/Credentialed data",
    "Data_Outputs": "Graphs;Exports",
    "Interfaces_APIs": "Transform APIs",
    "Deployment_Options": "Desktop/Cloud",
    "Scale_Performance": "Project to enterprise",
    "Integrations": "Vendor & 3rd-party",
    "Compliance_Standards": "STIX (via add-ons)",
    "License": "Commercial",
    "Known_Buyers_Public": "LE;Intel;Corporate",
    "Contract_Vehicles": "G-Cloud/Direct",
    "Export_Controls": "",
    "Sources_Official": "https://www.maltego.com/",
    "Sources_RFP_RFI": "",
    "Sources_Academic": "",
    "Sources_Patents": ""
  },
  {
    "Name": "SpiderFoot",
    "Discipline": "OSINT",
    "Subdiscipline": "Automation",
    "Vendor": "SpiderFoot/Intel471",
    "Type": "Open Source + SaaS",
    "Category": "Application",
    "Description": "Automated OSINT scanning with 200+ modules.",
    "Granular_Capabilities": "Subdomains;Leaks;Whois;Breaches",
    "Core_Features": "CLI/Web",
    "Primary_Functions": "Footprinting;Recon",
    "Common_Use_Cases": "Surface discovery",
    "Data_Inputs": "Open web;APIs",
    "Data_Outputs": "Findings;CSV/JSON",
    "Interfaces_APIs": "REST;Plugins",
    "Deployment_Options": "Desktop/Cloud",
    "Scale_Performance": "Fast;Parallel",
    "Integrations": "Elasticsearch;SIEM",
    "Compliance_Standards": "",
    "License": "GPL/SaaS",
    "Known_Buyers_Public": "Blue teams;Investigators",
    "Contract_Vehicles": "",
    "Export_Controls": "",
    "Sources_Official": "https://www.spiderfoot.net/",
    "Sources_RFP_RFI": "",
    "Sources_Academic": "",
    "Sources_Patents": ""
  },
  {
    "Name": "Hunchly",
    "Discipline": "OSINT",
    "Subdiscipline": "Evidence capture",
    "Vendor": "Hunchly",
    "Type": "Commercial",
    "Category": "Application",
    "Description": "Forensic web capture with hashes and case mgmt.",
    "Granular_Capabilities": "Auto-capture;Hash;Tagging",
    "Core_Features": "Browser ext",
    "Primary_Functions": "Evidence preservation",
    "Common_Use_Cases": "Case building",
    "Data_Inputs": "Web pages",
    "Data_Outputs": "Signed HTML/PDF",
    "Interfaces_APIs": "JSON;Exports",
    "Deployment_Options": "Desktop",
    "Scale_Performance": "Local-scale",
    "Integrations": "Case systems",
    "Compliance_Standards": "",
    "License": "Commercial",
    "Known_Buyers_Public": "LE;Journalists",
    "Contract_Vehicles": "Direct",
    "Export_Controls": "",
    "Sources_Official": "https://hunch.ly/",
    "Sources_RFP_RFI": "",
    "Sources_Academic": "",
    "Sources_Patents": ""
  },
  {
    "Name": "OpenCTI",
    "Discipline": "CYBINT",
    "Subdiscipline": "Threat intel platform",
    "Vendor": "Filigran",
    "Type": "Open Source",
    "Category": "Server",
    "Description": "Graph-based TIP with connectors and STIX 2.",
    "Granular_Capabilities": "Entities;Relations;Imports/Exports",
    "Core_Features": "Connector SDK",
    "Primary_Functions": "CTI management;Enrichment",
    "Common_Use_Cases": "Intel fusion",
    "Data_Inputs": "STIX/TAXII;Feeds",
    "Data_Outputs": "STIX;Reports;Indicators",
    "Interfaces_APIs": "GraphQL;REST",
    "Deployment_Options": "Server",
    "Scale_Performance": "Scales with hardware",
    "Integrations": "MISP;SIEM;SOAR",
    "Compliance_Standards": "STIX/TAXII",
    "License": "AGPL",
    "Known_Buyers_Public": "SOCs;CERTs",
    "Contract_Vehicles": "Support",
    "Export_Controls": "",
    "Sources_Official": "https://www.opencti.io/",
    "Sources_RFP_RFI": "",
    "Sources_Academic": "",
    "Sources_Patents": ""
  },
  {
    "Name": "MISP",
    "Discipline": "CYBINT",
    "Subdiscipline": "Intel sharing",
    "Vendor": "MISP Project",
    "Type": "Open Source",
    "Category": "Server",
    "Description": "Indicator sharing platform with taxonomies and galaxies.",
    "Granular_Capabilities": "Events;Feeds;Sync",
    "Core_Features": "APIs",
    "Primary_Functions": "Intel exchange;Automation",
    "Common_Use_Cases": "IOC mgmt",
    "Data_Inputs": "IOCs;Reports",
    "Data_Outputs": "Feeds;Exports",
    "Interfaces_APIs": "REST;PyMISP",
    "Deployment_Options": "Server",
    "Scale_Performance": "Federated",
    "Integrations": "OpenCTI;SIEM;SOAR",
    "Compliance_Standards": "STIX/TAXII",
    "License": "GPL",
    "Known_Buyers_Public": "CERTs;SOCs",
    "Contract_Vehicles": "",
    "Export_Controls": "",
    "Sources_Official": "https://www.misp-project.org/",
    "Sources_RFP_RFI": "",
    "Sources_Academic": "",
    "Sources_Patents": ""
  },
  {
    "Name": "TheHive",
    "Discipline": "CYBINT",
    "Subdiscipline": "IR case mgmt",
    "Vendor": "StrangeBee",
    "Type": "Open Core",
    "Category": "Server",
    "Description": "Incident response case management tied to Cortex automations.",
    "Granular_Capabilities": "Cases;Tasks;TTPs",
    "Core_Features": "Cortex analyzers",
    "Primary_Functions": "SOC/CSIRT cases",
    "Common_Use_Cases": "IR workflows",
    "Data_Inputs": "Alerts;Observables",
    "Data_Outputs": "Reports;Artifacts",
    "Interfaces_APIs": "REST",
    "Deployment_Options": "Server",
    "Scale_Performance": "Team-scale",
    "Integrations": "MISP;SIEM;Slack",
    "Compliance_Standards": "",
    "License": "Elastic License/OSS",
    "Known_Buyers_Public": "SOCs;CSIRTs",
    "Contract_Vehicles": "",
    "Export_Controls": "",
    "Sources_Official": "https://strangebee.com/thehive/",
    "Sources_RFP_RFI": "",
    "Sources_Academic": "",
    "Sources_Patents": ""
  },
  {
    "Name": "Shodan",
    "Discipline": "OSINT",
    "Subdiscipline": "Device search",
    "Vendor": "Shodan",
    "Type": "Commercial",
    "Category": "SaaS",
    "Description": "Search engine for internet-connected devices.",
    "Granular_Capabilities": "Banners;Filters;Exposures",
    "Core_Features": "API",
    "Primary_Functions": "Asset discovery;Exposure mgmt",
    "Common_Use_Cases": "Recon;Risk",
    "Data_Inputs": "Banners;Ports",
    "Data_Outputs": "Results;Exports",
    "Interfaces_APIs": "REST",
    "Deployment_Options": "Cloud",
    "Scale_Performance": "Web-scale",
    "Integrations": "SIEM;TIP",
    "Compliance_Standards": "",
    "License": "Commercial",
    "Known_Buyers_Public": "Blue teams;Researchers",
    "Contract_Vehicles": "Direct",
    "Export_Controls": "",
    "Sources_Official": "https://www.shodan.io/",
    "Sources_RFP_RFI": "",
    "Sources_Academic": "",
    "Sources_Patents": ""
  },
  {
    "Name": "Censys",
    "Discipline": "OSINT",
    "Subdiscipline": "Device/cert search",
    "Vendor": "Censys",
    "Type": "Commercial",
    "Category": "SaaS",
    "Description": "Internet scan data for hosts, certs, and exposures.",
    "Granular_Capabilities": "Search;Queries;Mappings",
    "Core_Features": "API",
    "Primary_Functions": "Attack surface;Research",
    "Common_Use_Cases": "Exposure tracking",
    "Data_Inputs": "Scan data;Certs",
    "Data_Outputs": "Results;Exports",
    "Interfaces_APIs": "REST",
    "Deployment_Options": "Cloud",
    "Scale_Performance": "Web-scale",
    "Integrations": "SIEM;TIP",
    "Compliance_Standards": "",
    "License": "Commercial",
    "Known_Buyers_Public": "Enterprises;Researchers",
    "Contract_Vehicles": "Direct",
    "Export_Controls": "",
    "Sources_Official": "https://censys.com/",
    "Sources_RFP_RFI": "",
    "Sources_Academic": "",
    "Sources_Patents": ""
  },
  {
    "Name": "SecurityTrails",
    "Discipline": "OSINT",
    "Subdiscipline": "DNS/Exposure",
    "Vendor": "SecurityTrails",
    "Type": "Commercial",
    "Category": "SaaS",
    "Description": "Historical DNS, WHOIS, and asset data.",
    "Granular_Capabilities": "Historical DNS;WHOIS;Subs",
    "Core_Features": "API",
    "Primary_Functions": "Attribution;Inventory",
    "Common_Use_Cases": "Mappings;Exports",
    "Data_Inputs": "DNS;WHOIS",
    "Data_Outputs": "Results;CSV/JSON",
    "Interfaces_APIs": "REST",
    "Deployment_Options": "Cloud",
    "Scale_Performance": "Large-scale",
    "Integrations": "SIEM;TIP",
    "Compliance_Standards": "",
    "License": "Commercial",
    "Known_Buyers_Public": "Enterprises;Investigators",
    "Contract_Vehicles": "Direct",
    "Export_Controls": "",
    "Sources_Official": "https://securitytrails.com/",
    "Sources_RFP_RFI": "",
    "Sources_Academic": "",
    "Sources_Patents": ""
  },
  {
    "Name": "Microsoft Defender EASM (RiskIQ)",
    "Discipline": "OSINT",
    "Subdiscipline": "EASM",
    "Vendor": "Microsoft",
    "Type": "Commercial",
    "Category": "SaaS",
    "Description": "External attack surface management via RiskIQ tech.",
    "Granular_Capabilities": "Discovery;Attribution;Exposure",
    "Core_Features": "API",
    "Primary_Functions": "Asset inventory;Risk",
    "Common_Use_Cases": "Exposure remediation",
    "Data_Inputs": "Passive DNS;Web;Certs",
    "Data_Outputs": "Assets;Findings",
    "Interfaces_APIs": "REST",
    "Deployment_Options": "Cloud",
    "Scale_Performance": "Web-scale",
    "Integrations": "MDE;Sentinel",
    "Compliance_Standards": "",
    "License": "Commercial",
    "Known_Buyers_Public": "Enterprises",
    "Contract_Vehicles": "Azure Marketplace",
    "Export_Controls": "",
    "Sources_Official": "https://learn.microsoft.com/azure/defender-easm/",
    "Sources_RFP_RFI": "",
    "Sources_Academic": "",
    "Sources_Patents": ""
  },
  {
    "Name": "IntelligenceX",
    "Discipline": "OSINT",
    "Subdiscipline": "Search",
    "Vendor": "IntelligenceX",
    "Type": "Commercial",
    "Category": "SaaS",
    "Description": "Search across web, darknet, leaks, and documents.",
    "Granular_Capabilities": "Leaks;Darknet;Documents",
    "Core_Features": "API",
    "Primary_Functions": "Due diligence;Investigations",
    "Common_Use_Cases": "Attribution",
    "Data_Inputs": "Web;Darknet;Leaks",
    "Data_Outputs": "Results;Exports",
    "Interfaces_APIs": "REST",
    "Deployment_Options": "Cloud",
    "Scale_Performance": "Large-scale",
    "Integrations": "Analyst tools",
    "Compliance_Standards": "",
    "License": "Commercial",
    "Known_Buyers_Public": "LE;Investigators",
    "Contract_Vehicles": "Direct",
    "Export_Controls": "",
    "Sources_Official": "https://intelx.io/",
    "Sources_RFP_RFI": "",
    "Sources_Academic": "",
    "Sources_Patents": ""
  },
  {
    "Name": "intelgraph (repo)",
    "Discipline": "OSINT",
    "Subdiscipline": "Graph/Intel tooling",
    "Vendor": "Brian C. Long",
    "Type": "Open Source",
    "Category": "Repository",
    "Description": "User-supplied repo for intelligence graphing/analysis (extend as needed).",
    "Granular_Capabilities": "Graph pipeline;Data modeling (extensible)",
    "Core_Features": "",
    "Primary_Functions": "Integrate into your OSINT stack",
    "Common_Use_Cases": "Investigation graphing",
    "Data_Inputs": "CSV/JSON",
    "Data_Outputs": "Graphs/Exports",
    "Interfaces_APIs": "",
    "Deployment_Options": "Local/Cloud",
    "Scale_Performance": "Project-scale",
    "Integrations": "Maltego/OpenCTI (custom)",
    "Compliance_Standards": "",
    "License": "MIT/OSS",
    "Known_Buyers_Public": "Practitioners",
    "Contract_Vehicles": "",
    "Export_Controls": "",
    "Sources_Official": "https://github.com/BrianCLong/intelgraph",
    "Sources_RFP_RFI": "",
    "Sources_Academic": "",
    "Sources_Patents": ""
  },
  {
    "Name": "Splunk Enterprise Security",
    "Discipline": "CYBINT",
    "Subdiscipline": "SIEM",
    "Vendor": "Splunk",
    "Type": "Commercial",
    "Category": "Server",
    "Description": "SIEM analytics on Splunk platform with detections and UEBA.",
    "Granular_Capabilities": "Notables;Risk-based alerting;ML",
    "Core_Features": "Search/Apps",
    "Primary_Functions": "SOC detection;Compliance",
    "Common_Use_Cases": "IR;Dashboards",
    "Data_Inputs": "Logs;NetFlow;EDR",
    "Data_Outputs": "Notables;Incidents",
    "Interfaces_APIs": "REST;SDK",
    "Deployment_Options": "Server/Cloud",
    "Scale_Performance": "Cluster scale",
    "Integrations": "EDR;SOAR",
    "Compliance_Standards": "",
    "License": "Commercial",
    "Known_Buyers_Public": "Enterprises;Gov",
    "Contract_Vehicles": "GSA/Direct",
    "Export_Controls": "",
    "Sources_Official": "https://www.splunk.com/en_us/software/enterprise-security.html",
    "Sources_RFP_RFI": "",
    "Sources_Academic": "",
    "Sources_Patents": ""
  },
  {
    "Name": "IBM QRadar",
    "Discipline": "CYBINT",
    "Subdiscipline": "SIEM",
    "Vendor": "IBM",
    "Type": "Commercial",
    "Category": "Server",
    "Description": "SIEM with correlation rules, flows, and app ecosystem.",
    "Granular_Capabilities": "Offenses;Rules;Apps",
    "Core_Features": "App framework",
    "Primary_Functions": "SOC detection;Compliance",
    "Common_Use_Cases": "IR;Dashboards",
    "Data_Inputs": "Logs;Flows",
    "Data_Outputs": "Offenses;Reports",
    "Interfaces_APIs": "REST",
    "Deployment_Options": "Server/Cloud",
    "Scale_Performance": "Enterprise scale",
    "Integrations": "EDR;SOAR",
    "Compliance_Standards": "",
    "License": "Commercial",
    "Known_Buyers_Public": "Public sector;FSI",
    "Contract_Vehicles": "GSA/SEWP",
    "Export_Controls": "",
    "Sources_Official": "https://www.ibm.com/products/qradar-siem",
    "Sources_RFP_RFI": "",
    "Sources_Academic": "",
    "Sources_Patents": ""
  },
  {
    "Name": "Elastic Security",
    "Discipline": "CYBINT",
    "Subdiscipline": "SIEM/EDR",
    "Vendor": "Elastic",
    "Type": "Commercial + OSS",
    "Category": "Server",
    "Description": "SIEM+EDR detections on Elastic Stack.",
    "Granular_Capabilities": "Detections;Cases;Timeline",
    "Core_Features": "Beats/Agents",
    "Primary_Functions": "SOC detection;Threat hunting",
    "Common_Use_Cases": "IR;Analytics",
    "Data_Inputs": "Logs;EDR;Net",
    "Data_Outputs": "Detections;Cases",
    "Interfaces_APIs": "REST",
    "Deployment_Options": "Server/Cloud",
    "Scale_Performance": "Cluster scale",
    "Integrations": "Beats;MISP;OpenCTI",
    "Compliance_Standards": "",
    "License": "Elastic License/OSS",
    "Known_Buyers_Public": "Enterprises",
    "Contract_Vehicles": "Marketplace",
    "Export_Controls": "",
    "Sources_Official": "https://www.elastic.co/security/",
    "Sources_RFP_RFI": "",
    "Sources_Academic": "",
    "Sources_Patents": ""
  },
  {
    "Name": "Google Chronicle Security Operations",
    "Discipline": "CYBINT",
    "Subdiscipline": "SIEM/UEBA/SOAR",
    "Vendor": "Google",
    "Type": "Commercial",
    "Category": "Cloud",
    "Description": "Chronicle SIEM + SOAR with intel/rules.",
    "Granular_Capabilities": "UDM;SOAR;D&R",
    "Core_Features": "APIs",
    "Primary_Functions": "SOC analytics;IR",
    "Common_Use_Cases": "Threat hunting",
    "Data_Inputs": "Logs;EDR;Net",
    "Data_Outputs": "UDM events;Incidents",
    "Interfaces_APIs": "REST",
    "Deployment_Options": "Cloud",
    "Scale_Performance": "Web-scale",
    "Integrations": "Mandiant;VirusTotal",
    "Compliance_Standards": "",
    "License": "Commercial",
    "Known_Buyers_Public": "Enterprises",
    "Contract_Vehicles": "Google Cloud",
    "Export_Controls": "",
    "Sources_Official": "https://cloud.google.com/security-operations",
    "Sources_RFP_RFI": "",
    "Sources_Academic": "",
    "Sources_Patents": ""
  },
  {
    "Name": "Microsoft Sentinel",
    "Discipline": "CYBINT",
    "Subdiscipline": "SIEM/SOAR",
    "Vendor": "Microsoft",
    "Type": "Commercial",
    "Category": "Cloud",
    "Description": "Cloud-native SIEM/SOAR on Azure.",
    "Granular_Capabilities": "Analytics;SOAR;UEBA",
    "Core_Features": "KQL/Workbooks",
    "Primary_Functions": "SOC detection;Compliance",
    "Common_Use_Cases": "IR;Dashboards",
    "Data_Inputs": "Logs;EDR;Net",
    "Data_Outputs": "Incidents;Hunts",
    "Interfaces_APIs": "REST",
    "Deployment_Options": "Cloud",
    "Scale_Performance": "Azure-scale",
    "Integrations": "MDE;Defender XDR",
    "Compliance_Standards": "",
    "License": "Commercial",
    "Known_Buyers_Public": "Enterprises;Gov",
    "Contract_Vehicles": "Azure Marketplace",
    "Export_Controls": "",
    "Sources_Official": "https://azure.microsoft.com/products/sentinel/",
    "Sources_RFP_RFI": "",
    "Sources_Academic": "",
    "Sources_Patents": ""
  },
  {
    "Name": "Zeek",
    "Discipline": "CYBINT",
    "Subdiscipline": "NSM",
    "Vendor": "Zeek Project",
    "Type": "Open Source",
    "Category": "Server",
    "Description": "Network security monitoring and behavioral scripting.",
    "Granular_Capabilities": "Protocol analyzers;Scripts;Logs",
    "Core_Features": "Cluster",
    "Primary_Functions": "Threat hunting;Detection",
    "Common_Use_Cases": "Forensics;Pivot",
    "Data_Inputs": "PCAP;Live capture",
    "Data_Outputs": "Rich logs",
    "Interfaces_APIs": "Zeek scripts",
    "Deployment_Options": "Server",
    "Scale_Performance": "Cluster-scale",
    "Integrations": "Elastic;SIEM",
    "Compliance_Standards": "",
    "License": "BSD",
    "Known_Buyers_Public": "SOCs;Academia",
    "Contract_Vehicles": "",
    "Export_Controls": "",
    "Sources_Official": "https://zeek.org/",
    "Sources_RFP_RFI": "",
    "Sources_Academic": "",
    "Sources_Patents": ""
  },
  {
    "Name": "Suricata",
    "Discipline": "CYBINT",
    "Subdiscipline": "IDS/IPS/NSM",
    "Vendor": "OISF",
    "Type": "Open Source",
    "Category": "Server",
    "Description": "IDS/IPS/NSM engine with high-speed EVE JSON.",
    "Granular_Capabilities": "Signatures;TLS;HTTP/DNS;Files",
    "Core_Features": "CUDA/DPU opt",
    "Primary_Functions": "Detection;NSM",
    "Common_Use_Cases": "SOC ops",
    "Data_Inputs": "PCAP;Live",
    "Data_Outputs": "Alerts;Files;Flows",
    "Interfaces_APIs": "REST;EVE JSON",
    "Deployment_Options": "Server",
    "Scale_Performance": "10\u2013100 Gbps w/ tuning",
    "Integrations": "SIEM;SOAR",
    "Compliance_Standards": "",
    "License": "GPLv2",
    "Known_Buyers_Public": "SOCs",
    "Contract_Vehicles": "",
    "Export_Controls": "",
    "Sources_Official": "https://suricata.io/",
    "Sources_RFP_RFI": "",
    "Sources_Academic": "",
    "Sources_Patents": ""
  },
  {
    "Name": "Wireshark",
    "Discipline": "CYBINT",
    "Subdiscipline": "Protocol analysis",
    "Vendor": "Wireshark Foundation",
    "Type": "Open Source",
    "Category": "Desktop",
    "Description": "Packet analyzer with 2,000+ dissectors.",
    "Granular_Capabilities": "Filters;Coloring;VoIP;Keys",
    "Core_Features": "Extcap",
    "Primary_Functions": "IR;Troubleshooting",
    "Common_Use_Cases": "Training;Forensics",
    "Data_Inputs": "PCAP;Live",
    "Data_Outputs": "Decoded frames",
    "Interfaces_APIs": "Lua",
    "Deployment_Options": "Desktop",
    "Scale_Performance": "Local",
    "Integrations": "pcap tools",
    "Compliance_Standards": "",
    "License": "GPL",
    "Known_Buyers_Public": "All IT/Sec",
    "Contract_Vehicles": "",
    "Export_Controls": "",
    "Sources_Official": "https://www.wireshark.org/",
    "Sources_RFP_RFI": "",
    "Sources_Academic": "",
    "Sources_Patents": ""
  },
  {
    "Name": "Velociraptor",
    "Discipline": "CYBINT",
    "Subdiscipline": "Endpoint DFIR",
    "Vendor": "Open Source",
    "Type": "Open Source",
    "Category": "Server/Agent",
    "Description": "Endpoint visibility and live response at scale.",
    "Granular_Capabilities": "VQL hunts;Artifacts;Triage",
    "Core_Features": "GUI/CLI",
    "Primary_Functions": "IR;Threat hunting",
    "Common_Use_Cases": "Forensics",
    "Data_Inputs": "Disk;Mem;Registry",
    "Data_Outputs": "Artifacts;Exports",
    "Interfaces_APIs": "REST",
    "Deployment_Options": "Server/Agents",
    "Scale_Performance": "Large fleets",
    "Integrations": "SIEM;S3",
    "Compliance_Standards": "",
    "License": "Apache-2.0",
    "Known_Buyers_Public": "SOCs;Consultancies",
    "Contract_Vehicles": "",
    "Export_Controls": "",
    "Sources_Official": "https://www.velocidex.com/",
    "Sources_RFP_RFI": "",
    "Sources_Academic": "",
    "Sources_Patents": ""
  },
  {
    "Name": "Volatility",
    "Discipline": "CYBINT",
    "Subdiscipline": "Memory forensics",
    "Vendor": "Volatility Foundation",
    "Type": "Open Source",
    "Category": "Desktop",
    "Description": "Memory forensics framework for Windows/Linux/macOS.",
    "Granular_Capabilities": "Plugins;Timelines;Malware",
    "Core_Features": "Profiles",
    "Primary_Functions": "Malware triage;IR",
    "Common_Use_Cases": "Attribution;Hunting",
    "Data_Inputs": "Memory images",
    "Data_Outputs": "Findings",
    "Interfaces_APIs": "Python",
    "Deployment_Options": "Desktop",
    "Scale_Performance": "Local",
    "Integrations": "DFIR tools",
    "Compliance_Standards": "",
    "License": "GPLv2",
    "Known_Buyers_Public": "Forensics labs",
    "Contract_Vehicles": "",
    "Export_Controls": "",
    "Sources_Official": "https://volatilityfoundation.org/",
    "Sources_RFP_RFI": "",
    "Sources_Academic": "",
    "Sources_Patents": ""
  },
  {
    "Name": "CrowdStrike Falcon",
    "Discipline": "CYBINT",
    "Subdiscipline": "EDR/XDR",
    "Vendor": "CrowdStrike",
    "Type": "Commercial",
    "Category": "Cloud/Agent",
    "Description": "Endpoint detection and response with intel enrichment.",
    "Granular_Capabilities": "Sensor;Detections;Intel",
    "Core_Features": "API",
    "Primary_Functions": "Threat detection;IR",
    "Common_Use_Cases": "Hunting;Response",
    "Data_Inputs": "Endpoint telemetry",
    "Data_Outputs": "Detections;Cases",
    "Interfaces_APIs": "REST",
    "Deployment_Options": "Cloud/Agents",
    "Scale_Performance": "Internet-scale",
    "Integrations": "SIEM;SOAR",
    "Compliance_Standards": "",
    "License": "Commercial",
    "Known_Buyers_Public": "Enterprises;Gov",
    "Contract_Vehicles": "GSA/Direct",
    "Export_Controls": "",
    "Sources_Official": "https://www.crowdstrike.com/products/endpoint-security/falcon-insight-edr/",
    "Sources_RFP_RFI": "",
    "Sources_Academic": "",
    "Sources_Patents": ""
  },
  {
    "Name": "SentinelOne Singularity",
    "Discipline": "CYBINT",
    "Subdiscipline": "EDR/XDR",
    "Vendor": "SentinelOne",
    "Type": "Commercial",
    "Category": "Cloud/Agent",
    "Description": "Autonomous EDR/XDR with storyline telemetry.",
    "Granular_Capabilities": "Detections;Rollback;Storyline",
    "Core_Features": "API",
    "Primary_Functions": "Threat detection;Response",
    "Common_Use_Cases": "IR;Containment",
    "Data_Inputs": "Endpoint telemetry",
    "Data_Outputs": "Detections;Cases",
    "Interfaces_APIs": "REST",
    "Deployment_Options": "Cloud/Agents",
    "Scale_Performance": "Large fleets",
    "Integrations": "SIEM;SOAR",
    "Compliance_Standards": "",
    "License": "Commercial",
    "Known_Buyers_Public": "Enterprises",
    "Contract_Vehicles": "Direct",
    "Export_Controls": "",
    "Sources_Official": "https://www.sentinelone.com/platform/singularity-xdr/",
    "Sources_RFP_RFI": "",
    "Sources_Academic": "",
    "Sources_Patents": ""
  },
  {
    "Name": "Microsoft Defender for Endpoint",
    "Discipline": "CYBINT",
    "Subdiscipline": "EDR/XDR",
    "Vendor": "Microsoft",
    "Type": "Commercial",
    "Category": "Cloud/Agent",
    "Description": "EDR/XDR integrated with Microsoft security stack.",
    "Granular_Capabilities": "Sensor;Hunting;Timeline",
    "Core_Features": "API",
    "Primary_Functions": "Threat detection;Response",
    "Common_Use_Cases": "IR;Containment",
    "Data_Inputs": "Endpoint telemetry",
    "Data_Outputs": "Detections;Cases",
    "Interfaces_APIs": "REST",
    "Deployment_Options": "Cloud/Agents",
    "Scale_Performance": "Enterprise-scale",
    "Integrations": "Sentinel;Defender XDR",
    "Compliance_Standards": "",
    "License": "Commercial",
    "Known_Buyers_Public": "Enterprises;Gov",
    "Contract_Vehicles": "Direct",
    "Export_Controls": "",
    "Sources_Official": "https://www.microsoft.com/security/business/endpoint-security/microsoft-defender-endpoint",
    "Sources_RFP_RFI": "",
    "Sources_Academic": "",
    "Sources_Patents": ""
  },
  {
    "Name": "VMware Carbon Black",
    "Discipline": "CYBINT",
    "Subdiscipline": "EDR",
    "Vendor": "Broadcom/VMware",
    "Type": "Commercial",
    "Category": "Cloud/Agent",
    "Description": "EDR with prevention and telemetry search.",
    "Granular_Capabilities": "Detections;Triage;Live response",
    "Core_Features": "API",
    "Primary_Functions": "Threat detection;IR",
    "Common_Use_Cases": "Hunting;Forensics",
    "Data_Inputs": "Endpoint telemetry",
    "Data_Outputs": "Detections;Cases",
    "Interfaces_APIs": "REST",
    "Deployment_Options": "Cloud/Agents",
    "Scale_Performance": "Enterprise-scale",
    "Integrations": "SIEM;SOAR",
    "Compliance_Standards": "",
    "License": "Commercial",
    "Known_Buyers_Public": "Enterprises",
    "Contract_Vehicles": "Direct",
    "Export_Controls": "",
    "Sources_Official": "https://www.carbonblack.com/",
    "Sources_RFP_RFI": "",
    "Sources_Academic": "",
    "Sources_Patents": ""
  },
  {
    "Name": "Chainalysis Reactor",
    "Discipline": "FININT",
    "Subdiscipline": "Blockchain analytics",
    "Vendor": "Chainalysis",
    "Type": "Commercial",
    "Category": "SaaS",
    "Description": "Investigative tracing of cryptocurrency flows and entities.",
    "Granular_Capabilities": "Attribution;Tracing;Graph",
    "Core_Features": "APIs",
    "Primary_Functions": "Crypto crime;Sanctions evasion",
    "Common_Use_Cases": "Case support",
    "Data_Inputs": "On-chain data",
    "Data_Outputs": "Graphs;Reports",
    "Interfaces_APIs": "REST",
    "Deployment_Options": "Cloud",
    "Scale_Performance": "Global coverage",
    "Integrations": "Case mgmt tools",
    "Compliance_Standards": "",
    "License": "Commercial",
    "Known_Buyers_Public": "LE;Regulators;Banks",
    "Contract_Vehicles": "Direct;GSA",
    "Export_Controls": "",
    "Sources_Official": "https://www.chainalysis.com/product/reactor/",
    "Sources_RFP_RFI": "",
    "Sources_Academic": "",
    "Sources_Patents": ""
  },
  {
    "Name": "TRM Labs Forensics",
    "Discipline": "FININT",
    "Subdiscipline": "Blockchain analytics",
    "Vendor": "TRM Labs",
    "Type": "Commercial",
    "Category": "SaaS",
    "Description": "Crypto forensics and transaction monitoring.",
    "Granular_Capabilities": "Attribution;Screening;Risk",
    "Core_Features": "APIs",
    "Primary_Functions": "Investigations;Compliance",
    "Common_Use_Cases": "Alerts;Reports",
    "Data_Inputs": "On-chain;KYC",
    "Data_Outputs": "Graphs;Alerts",
    "Interfaces_APIs": "REST",
    "Deployment_Options": "Cloud",
    "Scale_Performance": "Global coverage",
    "Integrations": "Case mgmt",
    "Compliance_Standards": "",
    "License": "Commercial",
    "Known_Buyers_Public": "LE;FSI",
    "Contract_Vehicles": "Direct",
    "Export_Controls": "",
    "Sources_Official": "https://www.trmlabs.com/",
    "Sources_RFP_RFI": "",
    "Sources_Academic": "",
    "Sources_Patents": ""
  },
  {
    "Name": "Elliptic Navigator",
    "Discipline": "FININT",
    "Subdiscipline": "Blockchain analytics",
    "Vendor": "Elliptic",
    "Type": "Commercial",
    "Category": "SaaS",
    "Description": "Blockchain analytics with wallet/entity clustering.",
    "Granular_Capabilities": "Risk scores;Graph;Attribution",
    "Core_Features": "APIs",
    "Primary_Functions": "Investigations;Compliance",
    "Common_Use_Cases": "Risk scoring",
    "Data_Inputs": "On-chain",
    "Data_Outputs": "Graphs;Scores",
    "Interfaces_APIs": "REST",
    "Deployment_Options": "Cloud",
    "Scale_Performance": "Enterprise-scale",
    "Integrations": "Case tools",
    "Compliance_Standards": "",
    "License": "Commercial",
    "Known_Buyers_Public": "Banks;Exchanges",
    "Contract_Vehicles": "Direct",
    "Export_Controls": "",
    "Sources_Official": "https://www.elliptic.co/products/elliptic-navigator",
    "Sources_RFP_RFI": "",
    "Sources_Academic": "",
    "Sources_Patents": ""
  },
  {
    "Name": "ComplyAdvantage",
    "Discipline": "FININT",
    "Subdiscipline": "KYC/AML",
    "Vendor": "ComplyAdvantage",
    "Type": "Commercial",
    "Category": "SaaS",
    "Description": "Screening for sanctions, PEP, adverse media.",
    "Granular_Capabilities": "PEP;Sanctions;Adverse media",
    "Core_Features": "APIs",
    "Primary_Functions": "KYC/KYB screening",
    "Common_Use_Cases": "Risk mgmt",
    "Data_Inputs": "Customer data;Media",
    "Data_Outputs": "Alerts;Cases",
    "Interfaces_APIs": "REST",
    "Deployment_Options": "Cloud",
    "Scale_Performance": "Web-scale",
    "Integrations": "Case mgmt",
    "Compliance_Standards": "",
    "License": "Commercial",
    "Known_Buyers_Public": "Banks;Fintech",
    "Contract_Vehicles": "Direct",
    "Export_Controls": "",
    "Sources_Official": "https://complyadvantage.com/",
    "Sources_RFP_RFI": "",
    "Sources_Academic": "",
    "Sources_Patents": ""
  },
  {
    "Name": "LSEG World-Check",
    "Discipline": "FININT",
    "Subdiscipline": "KYC data",
    "Vendor": "LSEG (Refinitiv)",
    "Type": "Commercial",
    "Category": "Data/SaaS",
    "Description": "Global PEP/sanctions/adverse media datasets.",
    "Granular_Capabilities": "Watchlists;Adverse;IDV",
    "Core_Features": "APIs",
    "Primary_Functions": "KYC/KYB;Screening",
    "Common_Use_Cases": "Risk mgmt",
    "Data_Inputs": "Customer data",
    "Data_Outputs": "Hits;Scores",
    "Interfaces_APIs": "REST",
    "Deployment_Options": "Cloud",
    "Scale_Performance": "Global coverage",
    "Integrations": "AML suites",
    "Compliance_Standards": "",
    "License": "Commercial",
    "Known_Buyers_Public": "Banks;Gov",
    "Contract_Vehicles": "Direct",
    "Export_Controls": "",
    "Sources_Official": "https://www.lseg.com/en/risk-intelligence/screening-solutions/world-check-kyc-screening",
    "Sources_RFP_RFI": "",
    "Sources_Academic": "",
    "Sources_Patents": ""
  },
  {
    "Name": "Quantexa",
    "Discipline": "FININT",
    "Subdiscipline": "Entity resolution",
    "Vendor": "Quantexa",
    "Type": "Commercial",
    "Category": "Platform",
    "Description": "Entity resolution and network analytics for AML/Fraud.",
    "Granular_Capabilities": "Graph;Contextual AI;ER",
    "Core_Features": "APIs",
    "Primary_Functions": "AML;Fraud;KYC",
    "Common_Use_Cases": "Risk detection",
    "Data_Inputs": "KYC;Transactions",
    "Data_Outputs": "Graphs;Alerts",
    "Interfaces_APIs": "REST",
    "Deployment_Options": "Cloud/On-prem",
    "Scale_Performance": "Enterprise-scale",
    "Integrations": "AML suites",
    "Compliance_Standards": "",
    "License": "Commercial",
    "Known_Buyers_Public": "Banks;Gov",
    "Contract_Vehicles": "Direct",
    "Export_Controls": "",
    "Sources_Official": "https://www.quantexa.com/",
    "Sources_RFP_RFI": "",
    "Sources_Academic": "",
    "Sources_Patents": ""
  },
  {
    "Name": "Palantir Gotham",
    "Discipline": "HUMINT",
    "Subdiscipline": "Data fusion/Investigations",
    "Vendor": "Palantir",
    "Type": "Commercial",
    "Category": "Platform",
    "Description": "Ops intelligence and investigations platform.",
    "Granular_Capabilities": "Entity graph;Cases;Workflows",
    "Core_Features": "APIs",
    "Primary_Functions": "All-source analysis;Ops planning",
    "Common_Use_Cases": "Investigations",
    "Data_Inputs": "Multi-source",
    "Data_Outputs": "Objects;Reports",
    "Interfaces_APIs": "REST;SDK",
    "Deployment_Options": "Cloud/On-prem",
    "Scale_Performance": "Enterprise-scale",
    "Integrations": "Esri;i2;EDR;SIEM",
    "Compliance_Standards": "",
    "License": "Commercial",
    "Known_Buyers_Public": "Defense;LE",
    "Contract_Vehicles": "Multiple",
    "Export_Controls": "",
    "Sources_Official": "https://www.palantir.com/platforms/gotham/",
    "Sources_RFP_RFI": "",
    "Sources_Academic": "",
    "Sources_Patents": ""
  },
  {
    "Name": "i2 Analyst's Notebook",
    "Discipline": "CRIMINT",
    "Subdiscipline": "Link/Temporal analysis",
    "Vendor": "i2 Group",
    "Type": "Commercial",
    "Category": "Desktop/SaaS",
    "Description": "Link and temporal analysis with import/export.",
    "Granular_Capabilities": "Charts;Timelines;Imports",
    "Core_Features": "SDK",
    "Primary_Functions": "Investigations;Network mapping",
    "Common_Use_Cases": "Case support",
    "Data_Inputs": "CSV;DB;APIs",
    "Data_Outputs": "Charts;Exports",
    "Interfaces_APIs": "SDK",
    "Deployment_Options": "Desktop/Cloud",
    "Scale_Performance": "Analyst-scale",
    "Integrations": "Gotham;Siren",
    "Compliance_Standards": "",
    "License": "Commercial",
    "Known_Buyers_Public": "LE;Defense",
    "Contract_Vehicles": "Direct",
    "Export_Controls": "",
    "Sources_Official": "https://i2group.com/solutions/i2-analysts-notebook",
    "Sources_RFP_RFI": "",
    "Sources_Academic": "",
    "Sources_Patents": ""
  },
  {
    "Name": "Cellebrite UFED",
    "Discipline": "CRIMINT",
    "Subdiscipline": "Mobile forensics",
    "Vendor": "Cellebrite",
    "Type": "Commercial",
    "Category": "Appliance/Software",
    "Description": "Device and cloud data extraction for DFIR.",
    "Granular_Capabilities": "Extraction;Decoding;Cloud",
    "Core_Features": "Case mgmt",
    "Primary_Functions": "Digital evidence collection",
    "Common_Use_Cases": "Investigations",
    "Data_Inputs": "Device;Cloud;Backups",
    "Data_Outputs": "Reports;Images",
    "Interfaces_APIs": "APIs",
    "Deployment_Options": "Appliance/Desktop",
    "Scale_Performance": "Lab/field kits",
    "Integrations": "Case systems",
    "Compliance_Standards": "",
    "License": "Commercial",
    "Known_Buyers_Public": "LE",
    "Contract_Vehicles": "LE contracts",
    "Export_Controls": "Potential export",
    "Sources_Official": "https://cellebrite.com/en/ufed/",
    "Sources_RFP_RFI": "",
    "Sources_Academic": "",
    "Sources_Patents": ""
  },
  {
    "Name": "Magnet AXIOM",
    "Discipline": "CRIMINT",
    "Subdiscipline": "Digital forensics",
    "Vendor": "Magnet Forensics",
    "Type": "Commercial",
    "Category": "Desktop/Server",
    "Description": "Evidence analysis across computer/mobile/cloud.",
    "Granular_Capabilities": "Timeline;Artifacts;Analytics",
    "Core_Features": "APIs",
    "Primary_Functions": "DFIR investigations",
    "Common_Use_Cases": "Reporting;Correlation",
    "Data_Inputs": "Images;Backups;Cloud",
    "Data_Outputs": "Evidence;Reports",
    "Interfaces_APIs": "REST",
    "Deployment_Options": "Desktop/Server",
    "Scale_Performance": "Lab-scale",
    "Integrations": "Case systems",
    "Compliance_Standards": "",
    "License": "Commercial",
    "Known_Buyers_Public": "LE;Corp DFIR",
    "Contract_Vehicles": "Direct",
    "Export_Controls": "",
    "Sources_Official": "https://www.magnetforensics.com/products/magnet-axiom/",
    "Sources_RFP_RFI": "",
    "Sources_Academic": "",
    "Sources_Patents": ""
  },
  {
    "Name": "Signal",
    "Discipline": "CI",
    "Subdiscipline": "Secure messaging",
    "Vendor": "Signal Foundation",
    "Type": "Open Source",
    "Category": "App/Protocol",
    "Description": "E2EE messaging protocol and apps.",
    "Granular_Capabilities": "Sealed sender;Safety numbers",
    "Core_Features": "Signal protocol",
    "Primary_Functions": "Sensitive comms",
    "Common_Use_Cases": "NGO;LE-approved uses vary",
    "Data_Inputs": "Messages;Media",
    "Data_Outputs": "E2EE payloads",
    "Interfaces_APIs": "Signal protocol",
    "Deployment_Options": "Mobile/Desktop",
    "Scale_Performance": "Global scale",
    "Integrations": "",
    "Compliance_Standards": "",
    "License": "GPL/Server;OSS",
    "Known_Buyers_Public": "NGO;At-risk users",
    "Contract_Vehicles": "",
    "Export_Controls": "",
    "Sources_Official": "https://signal.org/",
    "Sources_RFP_RFI": "",
    "Sources_Academic": "",
    "Sources_Patents": ""
  },
  {
    "Name": "Tor Browser/Network",
    "Discipline": "CI",
    "Subdiscipline": "Anonymity",
    "Vendor": "Tor Project",
    "Type": "Open Source",
    "Category": "Network/Apps",
    "Description": "Onion routing + Tor Browser.",
    "Granular_Capabilities": "Pluggable transports;Onion svcs",
    "Core_Features": "SOCKS",
    "Primary_Functions": "Research;At-risk comms",
    "Common_Use_Cases": "Privacy",
    "Data_Inputs": "TCP;HTTP(S)",
    "Data_Outputs": "Circuits",
    "Interfaces_APIs": "SOCKS;Control port",
    "Deployment_Options": "Desktop/Mobile",
    "Scale_Performance": "Global network",
    "Integrations": "Tails;Whonix",
    "Compliance_Standards": "",
    "License": "BSD-like",
    "Known_Buyers_Public": "Researchers;NGO",
    "Contract_Vehicles": "",
    "Export_Controls": "",
    "Sources_Official": "https://www.torproject.org/",
    "Sources_RFP_RFI": "",
    "Sources_Academic": "",
    "Sources_Patents": ""
  },
  {
    "Name": "Tails",
    "Discipline": "CI",
    "Subdiscipline": "Amnesic OS",
    "Vendor": "Tails Project",
    "Type": "Open Source",
    "Category": "OS",
    "Description": "Live amnesic OS (Tor-by-default).",
    "Granular_Capabilities": "Persistence (optional);MAC spoof",
    "Core_Features": "",
    "Primary_Functions": "Field ops hygiene",
    "Common_Use_Cases": "Privacy;Safety",
    "Data_Inputs": "User IO",
    "Data_Outputs": "Ephemeral state",
    "Interfaces_APIs": "",
    "Deployment_Options": "Live USB",
    "Scale_Performance": "Local",
    "Integrations": "Tor;KeePassXC;GnuPG",
    "Compliance_Standards": "",
    "License": "GPL",
    "Known_Buyers_Public": "Journalists;Activists",
    "Contract_Vehicles": "",
    "Export_Controls": "",
    "Sources_Official": "https://tails.boum.org/",
    "Sources_RFP_RFI": "",
    "Sources_Academic": "",
    "Sources_Patents": ""
  },
  {
    "Name": "Wickr (AWS)",
    "Discipline": "CI",
    "Subdiscipline": "Secure collaboration",
    "Vendor": "Amazon",
    "Type": "Commercial",
    "Category": "SaaS",
    "Description": "E2EE messaging/calls/files with compliance controls.",
    "Granular_Capabilities": "E2EE;Retention rules;SSO",
    "Core_Features": "APIs",
    "Primary_Functions": "Secure team comms",
    "Common_Use_Cases": "Gov/Enterprise",
    "Data_Inputs": "Messages;Media",
    "Data_Outputs": "E2EE payloads",
    "Interfaces_APIs": "REST",
    "Deployment_Options": "Cloud",
    "Scale_Performance": "Enterprise-scale",
    "Integrations": "AWS GovCloud",
    "Compliance_Standards": "",
    "License": "Commercial",
    "Known_Buyers_Public": "Enterprises;USG",
    "Contract_Vehicles": "AWS Marketplace",
    "Export_Controls": "",
    "Sources_Official": "https://aws.amazon.com/wickr/",
    "Sources_RFP_RFI": "",
    "Sources_Academic": "",
    "Sources_Patents": ""
  },
  {
    "Name": "Graphika Platform",
    "Discipline": "PSYOPS/IO",
    "Subdiscipline": "Narrative/network analytics",
    "Vendor": "Graphika",
    "Type": "Commercial",
    "Category": "SaaS",
    "Description": "Network mapping & narrative intelligence on social ecosystems.",
    "Granular_Capabilities": "Community detection;Narratives;Alerts",
    "Core_Features": "APIs",
    "Primary_Functions": "IO detection;Research",
    "Common_Use_Cases": "Counter-messaging support",
    "Data_Inputs": "Social/web data",
    "Data_Outputs": "Communities;Reports",
    "Interfaces_APIs": "REST",
    "Deployment_Options": "Cloud",
    "Scale_Performance": "Web-scale",
    "Integrations": "",
    "Compliance_Standards": "",
    "License": "Commercial",
    "Known_Buyers_Public": "Gov;Brands;NGO",
    "Contract_Vehicles": "Direct",
    "Export_Controls": "",
    "Sources_Official": "https://graphika.com/",
    "Sources_RFP_RFI": "",
    "Sources_Academic": "",
    "Sources_Patents": ""
  },
  {
    "Name": "Logically Intelligence",
    "Discipline": "PSYOPS/IO",
    "Subdiscipline": "Misinformation risk",
    "Vendor": "Logically",
    "Type": "Commercial",
    "Category": "SaaS",
    "Description": "Misinformation detection & narrative monitoring.",
    "Granular_Capabilities": "Multilingual;Risk scoring;Dashboards",
    "Core_Features": "APIs",
    "Primary_Functions": "Elections;Crisis;Brand risk",
    "Common_Use_Cases": "Counter-messaging support",
    "Data_Inputs": "Social/web data",
    "Data_Outputs": "Alerts;Reports",
    "Interfaces_APIs": "REST",
    "Deployment_Options": "Cloud",
    "Scale_Performance": "Web-scale",
    "Integrations": "",
    "Compliance_Standards": "",
    "License": "Commercial",
    "Known_Buyers_Public": "Gov;Platforms",
    "Contract_Vehicles": "G-Cloud (UK)",
    "Export_Controls": "",
    "Sources_Official": "https://www.logically.ai/logically-intelligence",
    "Sources_RFP_RFI": "",
    "Sources_Academic": "",
    "Sources_Patents": ""
  },
  {
    "Name": "Botometer X",
    "Discipline": "PSYOPS/IO",
    "Subdiscipline": "Bot detection",
    "Vendor": "Indiana Univ. OSoMe",
    "Type": "Academic/Open",
    "Category": "API/App",
    "Description": "Scores likelihood of social accounts being bots.",
    "Granular_Capabilities": "Network features;ML",
    "Core_Features": "API",
    "Primary_Functions": "Campaign triage;Research",
    "Common_Use_Cases": "IO support",
    "Data_Inputs": "Platform metadata",
    "Data_Outputs": "Scores;Timeseries",
    "Interfaces_APIs": "REST",
    "Deployment_Options": "Cloud",
    "Scale_Performance": "Scales via API",
    "Integrations": "",
    "Compliance_Standards": "",
    "License": "Apache-2.0",
    "Known_Buyers_Public": "Academia;Platforms",
    "Contract_Vehicles": "",
    "Export_Controls": "",
    "Sources_Official": "https://botometer.osome.iu.edu/",
    "Sources_RFP_RFI": "",
    "Sources_Academic": "",
    "Sources_Patents": ""
  },
  {
    "Name": "Hoaxy",
    "Discipline": "PSYOPS/IO",
    "Subdiscipline": "Claim diffusion viz",
    "Vendor": "Indiana Univ. OSoMe",
    "Type": "Academic/Open",
    "Category": "Web",
    "Description": "Visualizes spread of claims and fact-checks.",
    "Granular_Capabilities": "Diffusion graphs;Timeline",
    "Core_Features": "",
    "Primary_Functions": "Narrative tracking;Research",
    "Common_Use_Cases": "IO support",
    "Data_Inputs": "Social shares;Claims",
    "Data_Outputs": "Graphs",
    "Interfaces_APIs": "",
    "Deployment_Options": "Web",
    "Scale_Performance": "Platform-scale",
    "Integrations": "",
    "Compliance_Standards": "",
    "License": "Apache-2.0",
    "Known_Buyers_Public": "Academia;Journalists",
    "Contract_Vehicles": "",
    "Export_Controls": "",
    "Sources_Official": "https://hoaxy.osome.iu.edu/",
    "Sources_RFP_RFI": "",
    "Sources_Academic": "",
    "Sources_Patents": ""
  }
]