{
  "name": "IntelGraph Dev Container",
  "image": "mcr.microsoft.com/devcontainers/universal:latest",
  "features": {
    "ghcr.io/devcontainers/features/node:1": {
      "version": "20"
    },
    "ghcr.io/devcontainers/features/docker-in-docker:1": {},
    "ghcr.io/devcontainers/features/kubectl-helm-minikube:1": {}
  },
  "customizations": {
    "vscode": {
      "settings": {
        "editor.formatOnSave": true
      },
      "extensions": [
        "esbenp.prettier-vscode",
        "dbaeumer.vscode-eslint"
      ]
    }
  },
  "postCreateCommand": "npm install -g pnpm && pnpm install"
}